Dell;G515-4548;89999;AMD Ryzen 5 4600H;6;3;AMD Radeon RX 5600M 6 ГБ;AMD Radeon Graphics;8;DDR4;512;1920x1080;15.6;WVA (TN+film);Windows 10 Home Single Language
Acer;Aspire 7 A715-42G-R4GR;82999;AMD Ryzen 5 5500U;6;2.1;NVIDIA GeForce RTX 3050 для ноутбуков 4 ГБ;AMD Radeon Graphics;8;DDR4;512;1920x1080;15.6;IPS;без ОС
Acer;Aspire 7 A715-42G-R4GR;82999;AMD Ryzen 5 5500U;6;2.1;NVIDIA GeForce RTX 3050 для ноутбуков 4 ГБ;AMD Radeon Graphics;8;DDR4;512;1920x1080;15.6;IPS;без ОС
HP;Victus 16-e0119ur;79999;AMD Ryzen 5 5600H;6;3.3;NVIDIA GeForce GTX0 4 ГБ;AMD Radeon Graphics;8;DDR4;512;1920x1080;16.1;IPS;Windows 11 Home Single Language
HP;VICTUS 16-e0093ur;83999;AMD Ryzen 5 5600H;6;3.3;NVIDIA GeForce GTX0 4 ГБ;AMD Radeon Graphics;16;DDR4;512;1920x1080;16.1;IPS;без ОС
Dell;G515-9901;84999;AMD Ryzen 5 5600H;6;3.3;NVIDIA GeForce RTX 3050 для ноутбуков 4 ГБ;AMD Radeon Graphics;8;DDR4;512;1920x1080;15.6;WVA (TN+film);Windows 10 Home Single Language
HP;Victus 16-e0119ur;79999;AMD Ryzen 5 5600H;6;3.3;NVIDIA GeForce GTX0 4 ГБ;AMD Radeon Graphics;8;DDR4;512;1920x1080;16.1;IPS;Windows 11 Home Single Language
HP;VICTUS 16-e0093ur;83999;AMD Ryzen 5 5600H;6;3.3;NVIDIA GeForce GTX0 4 ГБ;AMD Radeon Graphics;16;DDR4;512;1920x1080;16.1;IPS;без ОС
Dell;G515-9901;84999;AMD Ryzen 5 5600H;6;3.3;NVIDIA GeForce RTX 3050 для ноутбуков 4 ГБ;AMD Radeon Graphics;8;DDR4;512;1920x1080;15.6;WVA (TN+film);Windows 10 Home Single Language
HP;Victus 16-e0010ur;87999;AMD Ryzen 5 5600H;6;3.3;NVIDIA GeForce RTX 3050 для ноутбуков 4 ГБ;AMD Radeon Graphics;16;DDR4;512;1920x1080;16.1;IPS;без ОС
HP;OMEN 16-c0007ur;89999;AMD Ryzen 5 5600H;6;3.3;AMD Radeon RX 6600M 8 ГБ;AMD Radeon Graphics;16;DDR4;512;1920x1080;16.1;IPS;без ОС
HP;Victus 16-e0009ur;92999;AMD Ryzen 5 5600H;6;3.3;NVIDIA GeForce RTX 3050 для ноутбуков 4 ГБ;AMD Radeon Graphics;16;DDR4;512;1920x1080;16.1;IPS;Windows 10 Home Single Language
HP;Pavilion Gaming 15-ec2001ur;104999;AMD Ryzen 5 5600H;6;3.3;NVIDIA GeForce RTX 3050 для ноутбуков 4 ГБ;AMD Radeon Graphics;16;DDR4;512;1920x1080;15.6;IPS;Windows 10 Home Single Language
HP;Pavilion Gaming 15-ec2010ur;104999;AMD Ryzen 5 5600H;6;3.3;NVIDIA GeForce GTX0 4 ГБ;AMD Radeon Graphics;16;DDR4;512;1920x1080;15.6;IPS;без ОС
Acer;Nitro 5 AN515-45-R6KH;109999;AMD Ryzen 5 5600H;6;3.3;NVIDIA GeForce RTX 3060 для ноутбуков 6 ГБ;AMD Radeon Graphics;16;DDR4;512;1920x1080;15.6;IPS;Windows 11 Home Single Language
HP;VICTUS 16-e0077ur;115999;AMD Ryzen 5 5600H;6;3.3;NVIDIA GeForce RTX 3060 для ноутбуков 6 ГБ;AMD Radeon Graphics;8;DDR4;512;1920x1080;16.1;IPS;Windows 10 Home Single Language
Lenovo;ThinkBook 16p G2 ACH;129999;AMD Ryzen 5 5600H;6;3.3;NVIDIA GeForce RTX 3060 для ноутбуков 6 ГБ;AMD Radeon Graphics;16;DDR4;512;2560x1600;16;IPS;без ОС
HP;OMEN 16-c0031ur;139499;AMD Ryzen 5 5600H;6;3.3;AMD Radeon RX 6600M 8 ГБ;AMD Radeon Graphics;16;DDR4;1000;1920x1080;16.1;IPS;Windows 11 Home Single Language
Lenovo;ThinkBook 16p G2 ACH;144999;AMD Ryzen 5 5600H;6;3.3;NVIDIA GeForce RTX 3060 для ноутбуков 6 ГБ;AMD Radeon Graphics;16;DDR4;512;2560x1600;16;IPS;Windows 10 Pro
Dell;G15 5515;164799;AMD Ryzen 5 5600H;6;3.3;NVIDIA GeForce RTX 3050 для ноутбуков 4 ГБ;AMD Radeon Graphics;8;DDR4;256;1920x1080;15.6;WVA (TN+film);Windows 11 Home Single Language
ASUS;TUF Gaming A15 FX506IC-HN020;88999;AMD Ryzen 7 4800H;8;2.9;NVIDIA GeForce RTX 3050 для ноутбуков 4 ГБ;AMD Radeon Graphics;8;DDR4;512;1920x1080;15.6;IPS;без ОС
ASUS;ROG Strix G17 G713IM-HX055W;152999;AMD Ryzen 7 4800H;8;2.9;NVIDIA GeForce RTX 3060 для ноутбуков 6 ГБ;AMD Radeon Graphics;16;DDR4;512;1920x1080;17.3;IPS;Windows 11 Home Single Language
Dell;G15 5515;126999;AMD Ryzen 7 5800H;8;3.2;NVIDIA GeForce RTX 3060 для ноутбуков 6 ГБ;AMD Radeon Graphics;16;DDR4;512;1920x1080;15.6;WVA (TN+film);Windows 11 Home Single Language
ASUS;TUF Gaming A15 FX506QM-HN053;129599;AMD Ryzen 7 5800H;8;3.2;NVIDIA GeForce RTX 3060 для ноутбуков 6 ГБ;AMD Radeon Graphics;16;DDR4;512;1920x1080;15.6;IPS;без ОС
Acer;Nitro 5 AN515-45-R671;161999;AMD Ryzen 7 5800H;8;3.2;NVIDIA GeForce RTX 3080 для ноутбуков 8 ГБ;AMD Radeon Graphics;16;DDR4;1000;2560x1440;15.6;IPS;без ОС
MSI;Delta 15 A5EFK-038RU;169999;AMD Ryzen 7 5800H;8;3.2;AMD Radeon RX 6700M 10 ГБ;AMD Radeon Graphics;16;DDR4;2000;1920x1080;15.6;IPS;Windows 10 Home Single Language
HP;OMEN 16-c0057ur;169999;AMD Ryzen 7 5800H;8;3.2;NVIDIA GeForce RTX 3070 для ноутбуков 8 ГБ;AMD Radeon Graphics;16;DDR4;512;1920x1080;16.1;IPS;без ОС
HP;OMEN 15-en1021ur;174999;AMD Ryzen 7 5800H;8;3.2;NVIDIA GeForce RTX 3070 для ноутбуков 8 ГБ;AMD Radeon Graphics;16;DDR4;1024;1920x1080;15.6;IPS;без ОС
Acer;Nitro 5 AN515-45-R5A1;179999;AMD Ryzen 7 5800H;8;3.2;NVIDIA GeForce RTX 3080 для ноутбуков 8 ГБ;AMD Radeon Graphics;16;DDR4;1000;2560x1440;15.6;IPS;Windows 11 Home Single Language
Dell;G15 5515;202799;AMD Ryzen 7 5800H;8;3.2;NVIDIA GeForce RTX 3050 для ноутбуков 4 ГБ;AMD Radeon Graphics;16;DDR4;512;1920x1080;15.6;WVA (TN+film);Windows 11 Home Single Language
Alienware;M15 R5;209999;AMD Ryzen 7 5800H;8;3.2;NVIDIA GeForce RTX 3060 для ноутбуков 6 ГБ;AMD Radeon Graphics;16;DDR4;512;1920x1080;15.6;IPS;Windows 11 Home Single Language
ASUS;ROG Zephyrus G14 AniMe Matrix GA401QC-K2142T;123299;AMD Ryzen 7 5800HS;8;2.8;NVIDIA GeForce RTX 3050 для ноутбуков 4 ГБ;AMD Radeon Graphics;16;DDR4;512;2560x1440;14;IPS;Windows 10 Home Single Language
ASUS;ROG Zephyrus G14 GA401QC-K2136T;123299;AMD Ryzen 7 5800HS;8;2.8;NVIDIA GeForce RTX 3050 для ноутбуков 4 ГБ;AMD Radeon Graphics;16;DDR4;512;2560x1440;14;IPS;Windows 10 Home Single Language
ASUS;ROG Zephyrus G14 AniMe Matrix GA401QC-K2143T;149999;AMD Ryzen 7 5800HS;8;2.8;NVIDIA GeForce RTX 3050 для ноутбуков 4 ГБ;AMD Radeon Graphics;16;DDR4;512;2560x1440;14;IPS;Windows 10 Home Single Language
HP;OMEN 16-c0003ur;132999;AMD Ryzen 9 5900HX;8;3.3;AMD Radeon RX 6600M 8 ГБ;AMD Radeon Graphics;16;DDR4;1000;1920x1080;16.1;IPS;Windows 10 Home Single Language
ASUS;ROG Strix G15 G513QY-HF001;219999;AMD Ryzen 9 5900HX;8;3.3;AMD Radeon RX 6800M 12 ГБ;AMD Radeon Graphics;16;DDR4;512;1920x1080;15.6;IPS;без ОС
ASUS;ROG Strix G15 G513QY-HF001T;219999;AMD Ryzen 9 5900HX;8;3.3;AMD Radeon RX 6800M 12 ГБ;AMD Radeon Graphics;16;DDR4;512;1920x1080;15.6;IPS;Windows 10 Home Single Language
Dell;G515-0564;86999;Intel Core i5-10200H;4;2.4;NVIDIA GeForce RTX 3050 для ноутбуков 4 ГБ;Intel UHD Graphics;16;DDR4;512;1920x1080;15.6;WVA (TN+film);Windows 10 Home Single Language
Lenovo;IdeaPad Gaming 3 15IMH05;69999;Intel Core i5-10300H;4;2.5;NVIDIA GeForce GTX0 Ti 4 ГБ;Intel UHD Graphics 630;8;DDR4;512;1920x1080;15.6;IPS;без ОС
Acer;Aspire 7 A715-75G-52NW;72999;Intel Core i5-10300H;4;2.5;NVIDIA GeForce GTX0 4 ГБ;Intel UHD Graphics;8;DDR4;256;1920x1080;15.6;IPS;без ОС
Acer;Nitro 5 AN517-52-55V9;79999;Intel Core i5-10300H;4;2.5;NVIDIA GeForce GTX0 4 ГБ;Intel UHD Graphics 630;8;DDR4;512;1920x1080;17.3;IPS;без ОС
ASUS;TUF Gaming F15 FX506LH-HN236;81999;Intel Core i5-10300H;4;2.5;NVIDIA GeForce GTX0 4 ГБ;Intel UHD Graphics;16;DDR4;512;1920x1080;15.6;IPS;без ОС
Lenovo;IdeaPad Gaming 3 15IMH05;69999;Intel Core i5-10300H;4;2.5;NVIDIA GeForce GTX0 Ti 4 ГБ;Intel UHD Graphics 630;8;DDR4;512;1920x1080;15.6;IPS;без ОС
Acer;Aspire 7 A715-75G-52NW;72999;Intel Core i5-10300H;4;2.5;NVIDIA GeForce GTX0 4 ГБ;Intel UHD Graphics;8;DDR4;256;1920x1080;15.6;IPS;без ОС
Acer;Nitro 5 AN517-52-55V9;79999;Intel Core i5-10300H;4;2.5;NVIDIA GeForce GTX0 4 ГБ;Intel UHD Graphics 630;8;DDR4;512;1920x1080;17.3;IPS;без ОС
ASUS;TUF Gaming F15 FX506LH-HN236;81999;Intel Core i5-10300H;4;2.5;NVIDIA GeForce GTX0 4 ГБ;Intel UHD Graphics;16;DDR4;512;1920x1080;15.6;IPS;без ОС
Acer;Nitro 5 AN517-52-57WE;92999;Intel Core i5-10300H;4;2.5;NVIDIA GeForce RTX 3050 для ноутбуков 4 ГБ;Intel UHD Graphics;16;DDR4;512;1920x1080;17.3;IPS;без ОС
Dell;G515-6217;65999;Intel Core i5-10500H;6;2.5;NVIDIA GeForce GTX0 4 ГБ;Intel UHD Graphics;8;DDR4;256;1920x1080;15.6;WVA (TN+film);Linux
Dell;G515-6217;65999;Intel Core i5-10500H;6;2.5;NVIDIA GeForce GTX0 4 ГБ;Intel UHD Graphics;8;DDR4;256;1920x1080;15.6;WVA (TN+film);Linux
GIGABYTE;G5 KC;98999;Intel Core i5-10500H;6;2.5;NVIDIA GeForce RTX 3060 для ноутбуков 6 ГБ;Intel UHD Graphics;16;DDR4;512;1920x1080;15.6;IPS;Windows 11 Home Single Language
GIGABYTE;G5;98999;Intel Core i5-10500H;6;2.5;NVIDIA GeForce RTX 3060 для ноутбуков 6 ГБ;Intel UHD Graphics 630;16;DDR4;512;1920x1080;15.6;IPS;Windows 10 Home Single Language
GIGABYTE;G5 KC;99999;Intel Core i5-10500H;6;2.5;NVIDIA GeForce RTX 3060 для ноутбуков 6 ГБ;Intel UHD Graphics 630;16;DDR4;512;1920x1080;15.6;IPS;без ОС
HP;Pavilion Gaming 17-cd2043ur;84999;Intel Core i5-11300H;4;2.6;NVIDIA GeForce RTX 3050 для ноутбуков 4 ГБ;Intel UHD Graphics;8;DDR4;512;1920x1080;17.3;IPS;без ОС
HP;Pavilion Gaming 17-cd2043ur;84999;Intel Core i5-11300H;4;2.6;NVIDIA GeForce RTX 3050 для ноутбуков 4 ГБ;Intel UHD Graphics;8;DDR4;512;1920x1080;17.3;IPS;без ОС
ASUS;VivoBook Pro 15 K3500PH-L1136W;82999;Intel Core i5-11300H;4;3.1;NVIDIA GeForce GTX0 4 ГБ;Intel Iris Xe Graphics;8;DDR4;256;1920x1080;15.6;OLED;Windows 11 Home Single Language
ASUS;TUF Dash F15 FX516PC-HN558;85999;Intel Core i5-11300H;4;3.1;NVIDIA GeForce RTX 3050 для ноутбуков 4 ГБ;Intel Iris Xe Graphics;8;DDR4;512;1920x1080;15.6;IPS;без ОС
Dell;G15 5510 G515-5392;86399;Intel Core i5-11300H;4;3.1;NVIDIA GeForce GTX 1660 Ti 6 ГБ;Intel UHD Graphics;8;DDR4;1000;1920x1080;15.6;WVA (TN+film);Linux
ASUS;VivoBook Pro 15 K3500PH-L1136W;82999;Intel Core i5-11300H;4;3.1;NVIDIA GeForce GTX0 4 ГБ;Intel Iris Xe Graphics;8;DDR4;256;1920x1080;15.6;OLED;Windows 11 Home Single Language
ASUS;TUF Dash F15 FX516PC-HN558;85999;Intel Core i5-11300H;4;3.1;NVIDIA GeForce RTX 3050 для ноутбуков 4 ГБ;Intel Iris Xe Graphics;8;DDR4;512;1920x1080;15.6;IPS;без ОС
Dell;G15 5510 G515-5392;86399;Intel Core i5-11300H;4;3.1;NVIDIA GeForce GTX 1660 Ti 6 ГБ;Intel UHD Graphics;8;DDR4;1000;1920x1080;15.6;WVA (TN+film);Linux
Lenovo;IdeaPad Gaming 3 15IHU6;86999;Intel Core i5-11300H;4;3.1;NVIDIA GeForce RTX 3050 для ноутбуков 4 ГБ;Intel UHD Graphics;8;DDR4;512;1920x1080;15.6;IPS;без ОС
ASUS;TUF Dash F15 FX516PE-HN004;87999;Intel Core i5-11300H;4;3.1;NVIDIA GeForce RTX 3050 Ti для ноутбуков 4 ГБ;Intel Iris Xe Graphics;8;DDR4;512;1920x1080;15.6;IPS;без ОС
Lenovo;IdeaPad Gaming 3 15IHU6;90999;Intel Core i5-11300H;4;3.1;NVIDIA GeForce RTX 3050 для ноутбуков 4 ГБ;Intel Iris Xe Graphics;8;DDR4;512;1920x1080;15.6;IPS;Windows 11 Home Single Language
ASUS;TUF Dash F15 FX516PC-HN023;92999;Intel Core i5-11300H;4;3.1;NVIDIA GeForce RTX 3050 для ноутбуков 4 ГБ;Intel Iris Xe Graphics;16;DDR4;512;1920x1080;15.6;IPS;без ОС
ASUS;TUF Dash F15 FX516PC-HN107;96999;Intel Core i5-11300H;4;3.1;NVIDIA GeForce RTX 3050 для ноутбуков 4 ГБ;Intel Iris Xe Graphics;16;DDR4;512;1920x1080;15.6;IPS;без ОС
Acer;Predator Triton SE PT314-51s-552L;103499;Intel Core i5-11300H;4;3.1;NVIDIA GeForce RTX 3060 для ноутбуков 6 ГБ;Intel Iris Xe Graphics;8;DDR4;512;1920x1080;14;IPS;Windows 10 Home Single Language
MSI;GF76 Katana 11SC-483XRU;77999;Intel Core i5-11400H;6;2.7;NVIDIA GeForce GTX0 4 ГБ;Intel UHD Graphics;8;DDR4;256;1920x1080;17.3;IPS;без ОС
MSI;GF63 Thin 11UC-255XRU;79999;Intel Core i5-11400H;6;2.7;NVIDIA GeForce RTX 3050 для ноутбуков 4 ГБ;Intel UHD Graphics;8;DDR4;256;1920x1080;15.6;IPS;без ОС
Dream Machines;RG3050Ti-15RU20;80999;Intel Core i5-11400H;6;2.7;NVIDIA GeForce RTX 3050 Ti для ноутбуков 4 ГБ;Intel UHD Graphics;16;DDR4;512;1920x1080;15.6;WVA (TN+film);без ОС
Dell;Inspiron 15 Plus 7510;82999;Intel Core i5-11400H;6;2.7;NVIDIA GeForce RTX 3050 для ноутбуков 4 ГБ;Intel UHD Graphics;8;DDR4;512;1920x1080;15.6;WVA (TN+film);Windows 11 Home Single Language
MSI;GF63 Thin 11UD-254XRU;84999;Intel Core i5-11400H;6;2.7;NVIDIA GeForce RTX 3050 Ti для ноутбуков 4 ГБ;Intel UHD Graphics;8;DDR4;256;1920x1080;15.6;IPS;без ОС
MSI;GF76 Katana 11SC-483XRU;77999;Intel Core i5-11400H;6;2.7;NVIDIA GeForce GTX0 4 ГБ;Intel UHD Graphics;8;DDR4;256;1920x1080;17.3;IPS;без ОС
MSI;GF63 Thin 11UC-255XRU;79999;Intel Core i5-11400H;6;2.7;NVIDIA GeForce RTX 3050 для ноутбуков 4 ГБ;Intel UHD Graphics;8;DDR4;256;1920x1080;15.6;IPS;без ОС
Dream Machines;RG3050Ti-15RU20;80999;Intel Core i5-11400H;6;2.7;NVIDIA GeForce RTX 3050 Ti для ноутбуков 4 ГБ;Intel UHD Graphics;16;DDR4;512;1920x1080;15.6;WVA (TN+film);без ОС
Dell;Inspiron 15 Plus 7510;82999;Intel Core i5-11400H;6;2.7;NVIDIA GeForce RTX 3050 для ноутбуков 4 ГБ;Intel UHD Graphics;8;DDR4;512;1920x1080;15.6;WVA (TN+film);Windows 11 Home Single Language
MSI;GF63 Thin 11UD-254XRU;84999;Intel Core i5-11400H;6;2.7;NVIDIA GeForce RTX 3050 Ti для ноутбуков 4 ГБ;Intel UHD Graphics;8;DDR4;256;1920x1080;15.6;IPS;без ОС
MSI;GF76 Katana 11UC-480XRU;87999;Intel Core i5-11400H;6;2.7;NVIDIA GeForce RTX 3050 для ноутбуков 4 ГБ;Intel UHD Graphics;8;DDR4;512;1920x1080;17.3;IPS;без ОС
Acer;Nitro 5 AN515-57-534E;89999;Intel Core i5-11400H;6;2.7;NVIDIA GeForce RTX 3050 Ti для ноутбуков 4 ГБ;Intel UHD Graphics;8;DDR4;512;1920x1080;15.6;IPS;Windows 11 Home Single Language
MSI;GF66 Katana 11UE-408XRU;89999;Intel Core i5-11400H;6;2.7;NVIDIA GeForce RTX 3060 для ноутбуков 6 ГБ;Intel UHD Graphics;8;DDR4;512;1920x1080;15.6;IPS;без ОС
Acer;Nitro 5 AN515-57-548J;90999;Intel Core i5-11400H;6;2.7;NVIDIA GeForce RTX 3050 Ti для ноутбуков 4 ГБ;Intel UHD Graphics;16;DDR4;512;1920x1080;15.6;IPS;без ОС
MSI;GF76 Katana 11UD-482XRU;90999;Intel Core i5-11400H;6;2.7;NVIDIA GeForce RTX 3050 Ti для ноутбуков 4 ГБ;Intel UHD Graphics;8;DDR4;512;1920x1080;17.3;IPS;без ОС
HP;Victus 16-d0006ur;92999;Intel Core i5-11400H;6;2.7;NVIDIA GeForce RTX 3050 для ноутбуков 4 ГБ;Intel UHD Graphics Xe;16;DDR4;512;1920x1080;16.1;IPS;Windows 11 Home Single Language
MSI;GF63 Thin 11UD-221RU;94999;Intel Core i5-11400H;6;2.7;NVIDIA GeForce RTX 3050 Ti для ноутбуков 4 ГБ;Intel UHD Graphics;8;DDR4;512;1920x1080;15.6;IPS;Windows 11 Home Single Language
GIGABYTE;G7;94999;Intel Core i5-11400H;6;2.7;NVIDIA GeForce RTX 3050 для ноутбуков 4 ГБ;Intel UHD Graphics;16;DDR4;512;1920x1080;17.3;IPS;без ОС
MSI;Pulse GL66 11UCK-422RU;98799;Intel Core i5-11400H;6;2.7;NVIDIA GeForce RTX 3050 для ноутбуков 4 ГБ;Intel UHD Graphics;8;DDR4;512;1920x1080;15.6;IPS;Windows 11 Home Single Language
GIGABYTE;G5 MD;99999;Intel Core i5-11400H;6;2.7;NVIDIA GeForce RTX 3050 Ti для ноутбуков 4 ГБ;Intel UHD Graphics;16;DDR4;512;1920x1080;15.6;IPS;без ОС
MSI;GF76 Katana 11UD-695XRU;99999;Intel Core i5-11400H;6;2.7;NVIDIA GeForce RTX 3050 Ti для ноутбуков 4 ГБ;Intel UHD Graphics;16;DDR4;512;1920x1080;17.3;IPS;без ОС
GIGABYTE;G5 KD;104999;Intel Core i5-11400H;6;2.7;NVIDIA GeForce RTX 3060 для ноутбуков 6 ГБ;Intel UHD Graphics;16;DDR4;512;1920x1080;15.6;IPS;без ОС
MSI;GF66 Katana 11UE-819XRU;104999;Intel Core i5-11400H;6;2.7;NVIDIA GeForce RTX 3060 для ноутбуков 6 ГБ;Intel UHD Graphics;16;DDR4;512;1920x1080;15.6;IPS;без ОС
GIGABYTE;G5 KD;107099;Intel Core i5-11400H;6;2.7;NVIDIA GeForce RTX 3060 для ноутбуков 6 ГБ;Intel UHD Graphics;16;DDR4;512;1920x1080;15.6;IPS;Windows 11 Home Single Language
MSI;GF76 Katana 11UE-270XRU;107999;Intel Core i5-11400H;6;2.7;NVIDIA GeForce RTX 3060 для ноутбуков 6 ГБ;Intel UHD Graphics;16;DDR4;512;1920x1080;17.3;IPS;без ОС
ASUS;TUF Gaming F15 FX506HM-HN016W;112499;Intel Core i5-11400H;6;2.7;NVIDIA GeForce RTX 3060 для ноутбуков 6 ГБ;Intel UHD Graphics;16;DDR4;512;1920x1080;15.6;IPS;Windows 11 Home Single Language
MSI;GL66 Pulse 11UEK-211XRU;119999;Intel Core i5-11400H;6;2.7;NVIDIA GeForce RTX 3060 для ноутбуков 6 ГБ;Intel UHD Graphics;8;DDR4;512;1920x1080;15.6;IPS;без ОС
ASUS;TUF Gaming A17 FX706HEB-HX103W;124999;Intel Core i5-11400H;6;2.7;NVIDIA GeForce RTX 3050 Ti для ноутбуков 4 ГБ;Intel UHD Graphics;8;DDR4;512;1920x1080;17.3;IPS;Windows 11 Home Single Language
ASUS;TUF Gaming F17 FX706HEB-HX103;129999;Intel Core i5-11400H;6;2.7;NVIDIA GeForce RTX 3050 Ti для ноутбуков 4 ГБ;Intel UHD Graphics;8;DDR4;512;1920x1080;17.3;IPS;без ОС
Lenovo;Legion 5 15ITH6H;136999;Intel Core i5-11400H;6;2.7;NVIDIA GeForce RTX 3060 для ноутбуков 6 ГБ;Intel UHD Graphics;16;DDR4;512;1920x1080;15.6;IPS;без ОС
MSI;Pulse GL66 12UEK-289XRU;127999;Intel Core i5-12500H;8;2.5;NVIDIA GeForce RTX 3060 для ноутбуков 6 ГБ;Intel UHD Graphics;8;DDR4;512;1920x1080;15.6;IPS;без ОС
MSI;GL76 Pulse 12UEK-088XRU;134999;Intel Core i5-12500H;8;2.5;NVIDIA GeForce RTX 3060 для ноутбуков 6 ГБ;Intel Iris Xe Graphics;16;DDR4;512;1920x1080;17.3;IPS;без ОС
MSI;GF75 10UD-045XRU;89999;Intel Core i7-10750H;6;2.6;NVIDIA GeForce RTX 3050 Ti для ноутбуков 4 ГБ;Intel UHD Graphics 630;8;DDR4;512;1920x1080;17.3;IPS;без ОС
Acer;Nitro 5 AN515-55-707X;94999;Intel Core i7-10750H;6;2.6;NVIDIA GeForce RTX 3060 для ноутбуков 6 ГБ;Intel UHD Graphics;8;DDR4;512;1920x1080;15.6;IPS;без ОС
Dell;G515-4380;123299;Intel Core i7-10870H;8;2.2;NVIDIA GeForce RTX 3060 для ноутбуков 6 ГБ;Intel UHD Graphics;16;DDR4;1000;1920x1080;15.6;WVA (TN+film);Windows 10 Home Single Language
Dell;G515-4342;124999;Intel Core i7-10870H;8;2.2;NVIDIA GeForce RTX 3060 для ноутбуков 6 ГБ;Intel HD Graphics 630;16;DDR4;512;1920x1080;15.6;WVA (TN+film);Windows 10 Home Single Language
ASUS;TUF Dash F15 FX516PR-HN033T;134999;Intel Core i7-11370H;4;3.3;NVIDIA GeForce RTX 3070 для ноутбуков 8 ГБ;Intel Iris Xe Graphics;16;DDR4;512;1920x1080;15.6;IPS;Windows 10 Home Single Language
MSI;Stealth 15M A11UEK-230XRU;139999;Intel Core i7-11375H;4;3.3;NVIDIA GeForce RTX 3060 для ноутбуков 6 ГБ;Intel Iris Xe Graphics;16;DDR4;1000;1920x1080;15.6;IPS;без ОС
MSI;Stealth 15M A11UEK-275RU [9S7-156311-275];155999;Intel Core i7-11375H;4;3.3;NVIDIA GeForce RTX 3060 для ноутбуков 6 ГБ;Intel Iris Xe Graphics;16;DDR4;512;1920x1080;15.6;IPS;Windows 11 Home Single Language
MSI;GF76 Katana 11UC-479XRU;97999;Intel Core i7-11800H;8;2.3;NVIDIA GeForce RTX 3050 для ноутбуков 4 ГБ;Intel UHD Graphics;8;DDR4;512;1920x1080;17.3;IPS;без ОС
MSI;GF76 Katana 11UD-481XRU;102999;Intel Core i7-11800H;8;2.3;NVIDIA GeForce RTX 3050 Ti для ноутбуков 4 ГБ;Intel UHD Graphics;8;DDR4;512;1920x1080;17.3;IPS;без ОС
MSI;GF63 Thin 11UC-218XRU;103999;Intel Core i7-11800H;8;2.3;NVIDIA GeForce RTX 3050 для ноутбуков 4 ГБ;Intel UHD Graphics;8;DDR4;512;1920x1080;15.6;IPS;без ОС
MSI;GF76 Katana 11UC-696XRU;106999;Intel Core i7-11800H;8;2.3;NVIDIA GeForce RTX 3050 для ноутбуков 4 ГБ;Intel UHD Graphics;16;DDR4;512;1920x1080;17.3;IPS;без ОС
MSI;GF76 Katana 11UD-694XRU;108999;Intel Core i7-11800H;8;2.3;NVIDIA GeForce RTX 3050 Ti для ноутбуков 4 ГБ;Intel UHD Graphics;16;DDR4;512;1920x1080;17.3;IPS;без ОС
MSI;GF66 Katana 11UE-407XRU;112499;Intel Core i7-11800H;8;2.3;NVIDIA GeForce RTX 3060 для ноутбуков 6 ГБ;Intel UHD Graphics;16;DDR4;512;1920x1080;15.6;IPS;без ОС
MSI;GF76 Katana 11UD-072RU;114999;Intel Core i7-11800H;8;2.3;NVIDIA GeForce RTX 3050 Ti для ноутбуков 4 ГБ;Intel UHD Graphics;8;DDR4;512;1920x1080;17.3;IPS;Windows 10 Home Single Language
Dream Machines;RG3060-15RU46;116999;Intel Core i7-11800H;8;2.3;NVIDIA GeForce RTX 3060 для ноутбуков 6 ГБ;Intel UHD Graphics;16;DDR4;512;1920x1080;15.6;WVA (TN+film);без ОС
MSI;GF66 Katana 11UE-406RU;116999;Intel Core i7-11800H;8;2.3;NVIDIA GeForce RTX 3060 для ноутбуков 6 ГБ;Intel UHD Graphics;16;DDR4;512;1920x1080;15.6;IPS;Windows 10 Home Single Language
MSI;GF76 Katana 11UE-269XRU;119699;Intel Core i7-11800H;8;2.3;NVIDIA GeForce RTX 3060 для ноутбуков 6 ГБ;Intel UHD Graphics;16;DDR4;512;1920x1080;17.3;IPS;без ОС
Dell;G515-0303;131999;Intel Core i7-11800H;8;2.3;NVIDIA GeForce RTX 3060 для ноутбуков 6 ГБ;Intel UHD Graphics;16;DDR4;1000;1920x1080;15.6;WVA (TN+film);Linux
Dell;G15 5511;132999;Intel Core i7-11800H;8;2.3;NVIDIA GeForce RTX 3050 Ti для ноутбуков 4 ГБ;Intel UHD Graphics;16;DDR4;512;1920x1080;15.6;WVA (TN+film);Windows 11 Home Single Language
AORUS;15P KD;134999;Intel Core i7-11800H;8;2.3;NVIDIA GeForce RTX 3060 для ноутбуков 6 ГБ;Intel UHD Graphics;16;DDR4;1000;1920x1080;15.6;IPS;без ОС
MSI;Katana GF66 11UG-079XRU;134999;Intel Core i7-11800H;8;2.3;NVIDIA GeForce RTX 3070 для ноутбуков 8 ГБ;Intel UHD Graphics;16;DDR4;1000;1920x1080;15.6;IPS;без ОС
AORUS;15P KD;139999;Intel Core i7-11800H;8;2.3;NVIDIA GeForce RTX 3060 для ноутбуков 6 ГБ;Intel UHD Graphics;16;DDR4;1000;1920x1080;15.6;IPS;Windows 10 Home Single Language
MSI;GF76 Katana 11UE-268RU;139999;Intel Core i7-11800H;8;2.3;NVIDIA GeForce RTX 3060 для ноутбуков 6 ГБ;Intel UHD Graphics;16;DDR4;1000;1920x1080;17.3;IPS;Windows 10 Home Single Language
AORUS;15P XD;148499;Intel Core i7-11800H;8;2.3;NVIDIA GeForce RTX 3070 для ноутбуков 8 ГБ;Intel UHD Graphics;16;DDR4;1000;1920x1080;15.6;IPS;без ОС
AORUS;15P XD;150299;Intel Core i7-11800H;8;2.3;NVIDIA GeForce RTX 3070 для ноутбуков 8 ГБ;Intel UHD Graphics;16;DDR4;1000;1920x1080;15.6;IPS;Windows 11 Home Single Language
AORUS;17G KD;150299;Intel Core i7-11800H;8;2.3;NVIDIA GeForce RTX 3060 для ноутбуков 6 ГБ;Intel UHD Graphics;16;DDR4;512;1920x1080;17.3;IPS;без ОС
Lenovo;Legion 5 15ITH6H;154999;Intel Core i7-11800H;8;2.3;NVIDIA GeForce RTX 3060 для ноутбуков 6 ГБ;Intel UHD Graphics;16;DDR4;512;1920x1080;15.6;IPS;без ОС
MSI;Pulse GL66 11UEK-208RU;173999;Intel Core i7-11800H;8;2.3;NVIDIA GeForce RTX 3060 для ноутбуков 6 ГБ;Intel UHD Graphics;16;DDR4;512;1920x1080;15.6;IPS;Windows 11 Home Single Language
MSI;Pulse GL66 12UEK-231XRU;134999;Intel Core i7-12700H;14;2.3;NVIDIA GeForce RTX 3060 для ноутбуков 6 ГБ;Intel UHD Graphics;8;DDR4;512;1920x1080;15.6;IPS;без ОС
MSI;GE66 Raider 12UGS-289RU;206999;Intel Core i7-12700H;14;2.3;NVIDIA GeForce RTX 3070 Ti для ноутбуков 8 ГБ;Intel UHD Graphics;16;DDR5;1000;1920x1080;15.6;IPS;Windows 11 Home Single Language
ASUS;TUF Gaming F15 FX507ZM-HN115W;152999;Intel Core i7-12700H;14;2.3;NVIDIA GeForce RTX 3060 для ноутбуков 6 ГБ;Intel UHD Graphics;16;DDR5;512;1920x1080;15.6;IPS;Windows 11 Home Single Language
ASUS;TUF Gaming F17 FX707ZM-HX052W;164999;Intel Core i7-12700H;14;2.3;NVIDIA GeForce RTX 3060 для ноутбуков 6 ГБ;Intel UHD Graphics;16;DDR5;512;1920x1080;17.3;IPS;Windows 11 Home Single Language
MSI;GF76 Katana 12UGS-070XRU;166499;Intel Core i7-12700H;14;2.3;NVIDIA GeForce RTX 3070 Ti для ноутбуков 8 ГБ;Intel UHD Graphics;16;DDR4;1000;1920x1080;17.3;IPS;без ОС
MSI;GF66 Katana 12UG-434XRU;169999;Intel Core i7-12700H;14;2.3;NVIDIA GeForce RTX 3070 для ноутбуков 8 ГБ;Intel UHD Graphics;16;DDR4;1000;1920x1080;15.6;IPS;без ОС
MSI;Crosshair 15 B12UGSZ-479XRU;179999;Intel Core i7-12700H;14;2.3;NVIDIA GeForce RTX 3070 Ti для ноутбуков 8 ГБ;Intel Iris Xe Graphics;16;DDR4;1000;1920x1080;15.6;IPS;без ОС
MSI;GF76 Katana 12UGS-068RU;179999;Intel Core i7-12700H;14;2.3;NVIDIA GeForce RTX 3070 Ti для ноутбуков 8 ГБ;Intel UHD Graphics;16;DDR4;1000;1920x1080;17.3;IPS;Windows 11 Home Single Language
MSI;Crosshair 15 B12UGSZ-478RU;188999;Intel Core i7-12700H;14;2.3;NVIDIA GeForce RTX 3070 Ti для ноутбуков 8 ГБ;Intel Iris Xe Graphics;16;DDR4;1000;1920x1080;15.6;IPS;Windows 11 Home Single Language
MSI;Creator Z16P B12UGST-026RU;249999;Intel Core i9-12900H;14;2.5;NVIDIA GeForce RTX 3070 Ti для ноутбуков 8 ГБ;Intel Iris Xe Graphics;32;DDR5;2000;2560x1600;16;IPS;Windows 11 Home Single Language
MSI;GS66 Stealth 12UHS-267RU;329999;Intel Core i9-12900H;14;2.5;NVIDIA GeForce RTX 3080 Ti для ноутбуков 16 ГБ;Intel UHD Graphics;64;DDR5;2000;3840x2160;15.6;IPS;Windows 11 Home Single Language
MSI;GE66 Raider 12UGS-466RU;249999;Intel Core i9-12900HK;14;2.5;NVIDIA GeForce RTX 3070 Ti для ноутбуков 8 ГБ;Intel Iris Xe Graphics;32;DDR5;1000;2560x1440;15.6;IPS;Windows 11 Home Single Language
MSI;GE66 Raider 12UHS-467RU;309999;Intel Core i9-12900HK;14;2.5;NVIDIA GeForce RTX 3080 Ti для ноутбуков 16 ГБ;Intel Iris Xe Graphics;32;DDR5;2000;3840x2160;15.6;IPS;Windows 11 Home Single Language
MSI;GE76 Raider 12UHS-682RU;349999;Intel Core i9-12900HK;14;2.5;NVIDIA GeForce RTX 3080 Ti для ноутбуков 16 ГБ;Intel Iris Xe Graphics;64;DDR5;2000;3840x2160;17.3;IPS;Windows 11 Home Single Language
